,dateTime,activity,userID,strapType,WristLocation
0,210106_183329_003602_adel0106_WHOOP_3A184004,runningTreadmill0,adel0106,Control,forearm
1,210106_183319_003606_adel0106_WHOOP_3A184038,runningTreadmill0,adel0106,Control,wrist
2,210106_183407_003524_adel0106_WHOOP_4AA000575,runningTreadmill0,adel0106,Test,wrist
3,210106_183359_003526_adel0106_WHOOP_4AAB00036,runningTreadmill0,adel0106,Test,forearm
4,210106_230644_003810_aerl0106_WHOOP_3A184004,runningTreadmill0,aerl0106,Control,forearm
5,210106_230641_003803_aerl0106_WHOOP_3A184038,runningTreadmill0,aerl0106,Control,wrist
6,210106_230644_003810_aerl0106_WHOOP_4AA000575,runningTreadmill0,aerl0106,Test,wrist
7,210106_230641_003803_aerl0106_WHOOP_4AAB00036,runningTreadmill0,aerl0106,Test,forearm
8,210108_140624_003454_afra0108_WHOOP_3A184151,runningTreadmill0,afra0108,Control,wrist
9,210108_140620_003458_afra0108_WHOOP_4AA000385,runningTreadmill0,afra0108,Test,forearm
10,210107_174027_003705_akec0107_WHOOP_3A153728,runningTreadmill0,akec0107,Control,wrist
11,210107_174032_003656_akec0107_WHOOP_3A337990,runningTreadmill0,akec0107,Control,forearm
12,210107_174058_003630_akec0107_WHOOP_4AA000517,runningTreadmill0,akec0107,Test,wrist
13,210107_174051_003641_akec0107_WHOOP_4AAB00037,runningTreadmill0,akec0107,Test,forearm
14,210108_202000_004044_amae0108_WHOOP_3A153728,runningTreadmill0,amae0108,Control,wrist
15,210108_201959_004044_amae0108_WHOOP_3A184151,runningTreadmill0,amae0108,Control,forearm
16,210108_202000_005941_amae0108_WHOOP_4AA000519,runningTreadmill0,amae0108,Test,forearm
17,210108_201753_000036_amae0108_WHOOP_4AA000784,runningTreadmill0,amae0108,Test,wrist
18,210108_201959_005943_amae0108_WHOOP_4AA000784,runningTreadmill1,amae0108,Test,wrist
19,210105_203452_003431_asol0105_WHOOP_3A184104,runningTreadmill0,asol0105,Control,forearm
20,210105_203453_003446_asol0105_WHOOP_3A184151,runningTreadmill0,asol0105,Control,forearm
21,210105_203450_003508_asol0105_WHOOP_4AA000423,runningTreadmill0,asol0105,Test,wrist
22,210105_203449_003526_asol0105_WHOOP_4AA000794,runningTreadmill0,asol0105,Test,wrist
23,210105_161041_003529_awri01051_WHOOP_3A153728,runningTreadmill0,awri01051,Control,forearm
24,210105_161036_003538_awri01051_WHOOP_3A337990,runningTreadmill0,awri01051,Control,wrist
25,210105_161041_000629_awri01051_WHOOP_4AA000423,runningTreadmill0,awri01051,Test,wrist
26,210105_161036_003538_awri01051_WHOOP_4AAB00036,runningTreadmill0,awri01051,Test,forearm
27,210106_200513_003506_bpee0106_WHOOP_3A184033,runningTreadmill0,bpee0106,Control,forearm
28,210106_200507_003516_bpee0106_WHOOP_3A184071,runningTreadmill0,bpee0106,Control,wrist
29,210106_200543_003436_bpee0106_WHOOP_4AA000401,runningTreadmill0,bpee0106,Test,wrist
30,210106_200538_003445_bpee0106_WHOOP_4AAB00037,runningTreadmill0,bpee0106,Test,forearm
31,210106_231013_004632_btom0106_WHOOP_4AA000702,runningTreadmill0,btom0106,Test,forearm
32,210107_190004_004223_btom0106_WHOOP_3A184033,runningTreadmill0,btom0106,Control,forearm
33,210108_160328_003724_cbag0108_WHOOP_3A153728,runningTreadmill0,cbag0108,Control,forearm
34,210108_160317_003734_cbag0108_WHOOP_4AA000385,runningTreadmill0,cbag0108,Test,forearm
35,210108_160325_003727_cbag0108_WHOOP_4AA000388,runningTreadmill0,cbag0108,Test,wrist
36,210105_181540_003648_cobr0105_WHOOP_3A153728,runningTreadmill0,cobr0105,Control,forearm
37,210105_190558_003508_cobr0105_WHOOP_3A337990,runningTreadmill0,cobr0105,Control,wrist
38,210105_190557_003509_cobr0105_WHOOP_4AA000545,runningTreadmill0,cobr0105,Test,forearm
39,210105_181536_003652_cobr0105_WHOOP_4AAB00036,runningTreadmill0,cobr0105,Test,wrist
40,210107_220405_003457_csim0107_WHOOP_3A184104,runningTreadmill0,csim0107,Control,forearm
41,210107_220402_003512_csim0107_WHOOP_4AA000388,runningTreadmill0,csim0107,Test,forearm
42,210107_220434_003428_csim0107_WHOOP_4AA000874,runningTreadmill0,csim0107,Test,wrist
43,210108_211400_003808_cwor0108_WHOOP_3A184004,runningTreadmill0,cwor0108,Control,wrist
44,210108_211409_003759_cwor0108_WHOOP_3A184071,runningTreadmill0,cwor0108,Control,forearm
45,210108_211404_003804_cwor0108_WHOOP_4AA000384,runningTreadmill0,cwor0108,Test,wrist
46,210108_211429_003739_cwor0108_WHOOP_4AA000441,runningTreadmill0,cwor0108,Test,forearm
47,210105_174943_003748_dadl0105_WHOOP_3A184104,runningTreadmill0,dadl0105,Control,forearm
48,210105_174944_003716_dadl0105_WHOOP_3A184151,runningTreadmill0,dadl0105,Control,wrist
49,210105_174942_003718_dadl0105_WHOOP_4AA000423,runningTreadmill0,dadl0105,Test,forearm
50,210105_174940_003751_dadl0105_WHOOP_4AA000794,runningTreadmill0,dadl0105,Test,wrist
51,210107_161620_003514_deps0107_WHOOP_3A153728,runningTreadmill0,deps0107,Control,wrist
52,210107_161621_003511_deps0107_WHOOP_3A337990,runningTreadmill0,deps0107,Control,forearm
53,210107_161621_003511_deps0107_WHOOP_4AA000517,runningTreadmill0,deps0107,Test,wrist
54,210107_161620_003515_deps0107_WHOOP_4AAB00037,runningTreadmill0,deps0107,Test,forearm
55,210108_230826_003618_dgre0108_WHOOP_3A184038,runningTreadmill0,dgre0108,Control,wrist
56,210108_230833_003609_dgre0108_WHOOP_3A184071,runningTreadmill0,dgre0108,Control,forearm
57,210108_230908_003534_dgre0108_WHOOP_4AA000384,runningTreadmill0,dgre0108,Test,wrist
58,210108_230829_003615_dgre0108_WHOOP_4AA000519,runningTreadmill0,dgre0108,Test,forearm
59,210106_173747_003741_dtru0106_WHOOP_3A184004,runningTreadmill0,dtru0106,Control,forearm
60,210106_173825_003706_dtru0106_WHOOP_3A184038,runningTreadmill0,dtru0106,Control,wrist
61,210106_173820_003708_dtru0106_WHOOP_4AA000575,runningTreadmill0,dtru0106,Test,wrist
62,210106_173827_003704_dtru0106_WHOOP_4AAB00036,runningTreadmill0,dtru0106,Test,forearm
63,210106_160701_003854_ecer0106_WHOOP_3A184033,runningTreadmill0,ecer0106,Control,forearm
64,210106_160709_003722_ecer0106_WHOOP_3A184071,runningTreadmill0,ecer0106,Control,wrist
65,210106_160701_003854_ecer0106_WHOOP_4AA000401,runningTreadmill0,ecer0106,Test,wrist
66,210106_160707_003928_ecer0106_WHOOP_4AA000423,runningTreadmill0,ecer0106,Test,forearm
67,210105_163003_003632_ethu0105_WHOOP_3A184104,runningTreadmill0,ethu0105,Control,forearm
68,210105_163009_005433_ethu0105_WHOOP_4AA000794,runningTreadmill0,ethu0105,Test,wrist
69,210105_172238_003538_ggoz0105_WHOOP_3A153728,runningTreadmill0,ggoz0105,Control,forearm
70,210105_172038_000108_ggoz0105_WHOOP_3A337990,runningTreadmill0,ggoz0105,Control,wrist
71,210105_172241_003518_ggoz0105_WHOOP_3A337990,runningTreadmill1,ggoz0105,Control,wrist
72,210105_172036_000110_ggoz0105_WHOOP_4AA000545,runningTreadmill0,ggoz0105,Test,forearm
73,210105_172241_003518_ggoz0105_WHOOP_4AA000545,runningTreadmill1,ggoz0105,Test,forearm
74,210105_172238_003538_ggoz0105_WHOOP_4AAB00036,runningTreadmill0,ggoz0105,Test,wrist
75,210106_212718_003336_gmun0106_WHOOP_3A184004,runningTreadmill0,gmun0106,Control,forearm
76,210106_212617_003431_gmun0106_WHOOP_3A184038,runningTreadmill0,gmun0106,Control,wrist
77,210106_212621_003433_gmun0106_WHOOP_4AA000575,runningTreadmill0,gmun0106,Test,wrist
78,210106_212617_003431_gmun0106_WHOOP_4AAB00036,runningTreadmill0,gmun0106,Test,forearm
79,210108_184410_003550_jgja0108_WHOOP_3A184004,runningTreadmill0,jgja0108,Control,forearm
80,210108_184415_003547_jgja0108_WHOOP_3A184071,runningTreadmill0,jgja0108,Control,wrist
81,210108_184448_003352_jgja0108_WHOOP_4AA000384,runningTreadmill0,jgja0108,Test,forearm
82,210108_184438_003522_jgja0108_WHOOP_4AA000441,runningTreadmill0,jgja0108,Test,wrist
83,210108_192141_003456_jkan0108_WHOOP_3A153728,runningTreadmill0,jkan0108,Control,wrist
84,210108_192129_003506_jkan0108_WHOOP_3A184151,runningTreadmill0,jkan0108,Control,forearm
85,210108_192132_003503_jkan0108_WHOOP_4AA000784,runningTreadmill0,jkan0108,Test,wrist
86,210106_143920_003437_jmur0106_WHOOP_3A184033,runningTreadmill0,jmur0106,Control,forearm
87,210106_143920_003439_jmur0106_WHOOP_3A184071,runningTreadmill0,jmur0106,Control,wrist
88,210106_143924_003433_jmur0106_WHOOP_4AA000401,runningTreadmill0,jmur0106,Test,wrist
89,210106_143944_003415_jmur0106_WHOOP_4AA000423,runningTreadmill0,jmur0106,Test,forearm
90,210106_153100_003614_jnaw0106_WHOOP_3A184004,runningTreadmill0,jnaw0106,Control,forearm
91,210106_153056_003615_jnaw0106_WHOOP_3A184038,runningTreadmill0,jnaw0106,Control,wrist
92,210106_153100_003614_jnaw0106_WHOOP_4AA000575,runningTreadmill0,jnaw0106,Test,wrist
93,210106_153056_002526_jnaw0106_WHOOP_4AAB00036,runningTreadmill0,jnaw0106,Test,forearm
94,210107_214406_003534_jpet0107_WHOOP_3A184038,runningTreadmill0,jpet0107,Control,wrist
95,210107_214410_003532_jpet0107_WHOOP_3A329790,runningTreadmill0,jpet0107,Control,forearm
96,210107_214405_003535_jpet0107_WHOOP_4AA000514,runningTreadmill0,jpet0107,Test,wrist
97,210107_214427_003515_jpet0107_WHOOP_4AA000575,runningTreadmill0,jpet0107,Test,forearm
98,210105_225547_003954_jwal0105_WHOOP_3A153728,runningTreadmill0,jwal0105,Control,forearm
99,210105_225540_013147_jwal0105_WHOOP_3A337990,runningTreadmill0,jwal0105,Control,wrist
100,210105_225550_013142_jwal0105_WHOOP_4AA000517,runningTreadmill0,jwal0105,Test,wrist
101,210105_225537_013157_jwal0105_WHOOP_4AA000545,runningTreadmill0,jwal0105,Test,forearm
102,210105_233133_003703_jyan0105_WHOOP_3A184104,runningTreadmill0,jyan0105,Control,forearm
103,210105_233117_003658_jyan0105_WHOOP_3A184151,runningTreadmill0,jyan0105,Control,wrist
104,210105_233115_003716_jyan0105_WHOOP_4AA000794,runningTreadmill0,jyan0105,Test,forearm
105,210105_233130_003706_jyan0105_WHOOP_4AAB00037,runningTreadmill0,jyan0105,Test,wrist
106,210107_225711_003526_kdic0107_WHOOP_3A184038,runningTreadmill0,kdic0107,Control,forearm
107,210107_225851_003338_kdic0107_WHOOP_3A329790,runningTreadmill0,kdic0107,Control,wrist
108,210107_225706_003531_kdic0107_WHOOP_4AA000514,runningTreadmill0,kdic0107,Test,forearm
109,210107_225716_003513_kdic0107_WHOOP_4AA000575,runningTreadmill0,kdic0107,Test,wrist
110,210107_205404_003541_kmcc0107_WHOOP_3A184038,runningTreadmill0,kmcc0107,Control,wrist
111,210107_205401_003544_kmcc0107_WHOOP_4AA000514,runningTreadmill0,kmcc0107,Test,forearm
112,210107_205356_003550_kmcc0107_WHOOP_4AA000519,runningTreadmill0,kmcc0107,Test,wrist
113,210108_204607_003732_kqui0108_WHOOP_3A184038,runningTreadmill0,kqui0108,Control,wrist
114,210108_204624_003620_kqui0108_WHOOP_3A329790,runningTreadmill0,kqui0108,Control,forearm
115,210108_204718_014242_kqui0108_WHOOP_4AA000457,runningTreadmill0,kqui0108,Test,forearm
116,210108_204653_014303_kqui0108_WHOOP_4AA000524,runningTreadmill0,kqui0108,Test,wrist
117,210108_174030_003507_kroa0108_WHOOP_3A153728,runningTreadmill0,kroa0108,Control,forearm
118,210108_173847_003646_kroa0108_WHOOP_3A184151,runningTreadmill0,kroa0108,Control,wrist
119,210108_173921_003616_kroa0108_WHOOP_4AA000388,runningTreadmill0,kroa0108,Test,wrist
120,210105_220454_003733_ljol0105_WHOOP_3A184104,runningTreadmill0,ljol0105,Control,forearm
121,210105_220513_003711_ljol0105_WHOOP_3A184151,runningTreadmill0,ljol0105,Control,forearm
122,210105_220511_003713_ljol0105_WHOOP_4AA000423,runningTreadmill0,ljol0105,Test,wrist
123,210105_220452_003735_ljol0105_WHOOP_4AAB00037,runningTreadmill0,ljol0105,Test,wrist
124,210107_234619_003613_mgol0107_WHOOP_3A184038,runningTreadmill0,mgol0107,Control,wrist
125,210107_234619_003616_mgol0107_WHOOP_3A329790,runningTreadmill0,mgol0107,Control,forearm
126,210107_234619_003613_mgol0107_WHOOP_4AA000514,runningTreadmill0,mgol0107,Test,wrist
127,210107_234619_003616_mgol0107_WHOOP_4AA000575,runningTreadmill0,mgol0107,Test,forearm
128,210107_151352_003541_mozo0107_WHOOP_3A153728,runningTreadmill0,mozo0107,Control,wrist
129,210107_151351_003541_mozo0107_WHOOP_3A337990,runningTreadmill0,mozo0107,Control,forearm
130,210107_151352_003541_mozo0107_WHOOP_4AAB00037,runningTreadmill0,mozo0107,Test,forearm
131,210106_193939_003500_mpar0106_WHOOP_3A184004,runningTreadmill0,mpar0106,Control,forearm
132,210106_193913_003523_mpar0106_WHOOP_3A184038,runningTreadmill0,mpar0106,Control,wrist
133,210106_193942_003457_mpar0106_WHOOP_4AA000575,runningTreadmill0,mpar0106,Test,wrist
134,210106_193916_003520_mpar0106_WHOOP_4AAB00036,runningTreadmill0,mpar0106,Test,forearm
135,210107_141657_003704_mrei0107_WHOOP_3A153728,runningTreadmill0,mrei0107,Control,wrist
136,210107_141647_003711_mrei0107_WHOOP_3A337990,runningTreadmill0,mrei0107,Control,forearm
137,210107_141650_003708_mrei0107_WHOOP_4AA000517,runningTreadmill0,mrei0107,Test,wrist
138,210107_141655_003706_mrei0107_WHOOP_4AAB00037,runningTreadmill0,mrei0107,Test,forearm
139,210107_160311_003410_mzav0107_WHOOP_3A184071,runningTreadmill0,mzav0107,Control,wrist
140,210107_160256_003425_mzav0107_WHOOP_3A184104,runningTreadmill0,mzav0107,Control,forearm
141,210107_190056_004123_mzav0107_WHOOP_4AA000292,runningTreadmill0,mzav0107,Test,wrist
142,210107_160308_003413_mzav0107_WHOOP_4AA000371,runningTreadmill0,mzav0107,Test,forearm
143,210108_193442_003517_nyoo0108_WHOOP_3A184038,runningTreadmill0,nyoo0108,Control,wrist
144,210108_193456_003500_nyoo0108_WHOOP_3A329790,runningTreadmill0,nyoo0108,Control,forearm
145,210108_193452_003507_nyoo0108_WHOOP_4AA000457,runningTreadmill0,nyoo0108,Test,forearm
146,210108_193527_003429_nyoo0108_WHOOP_4AA000524,runningTreadmill0,nyoo0108,Test,wrist
147,210108_233801_003427_rgal0108_WHOOP_3A153728,runningTreadmill0,rgal0108,Control,forearm
148,210108_233757_003429_rgal0108_WHOOP_3A184104,runningTreadmill0,rgal0108,Control,wrist
149,210108_233834_003354_rgal0108_WHOOP_4AA000371,runningTreadmill0,rgal0108,Test,wrist
150,210108_233835_003352_rgal0108_WHOOP_4AA000449,runningTreadmill0,rgal0108,Test,forearm
151,210107_194847_003541_rmcd0107_WHOOP_3A184104,runningTreadmill0,rmcd0107,Control,forearm
152,210107_194846_003547_rmcd0107_WHOOP_3A337990,runningTreadmill0,rmcd0107,Control,wrist
153,210107_194846_003547_rmcd0107_WHOOP_4AA000388,runningTreadmill0,rmcd0107,Test,forearm
154,210107_194848_003540_rmcd0107_WHOOP_4AA000510,runningTreadmill0,rmcd0107,Test,wrist
155,210105_154337_003548_sdou0105_WHOOP_3A184104,runningTreadmill0,sdou0105,Control,forearm
156,210105_154336_003546_sdou0105_WHOOP_3A184151,runningTreadmill0,sdou0105,Control,wrist
157,210105_154336_003546_sdou0105_WHOOP_4AA000401,runningTreadmill0,sdou0105,Test,forearm
158,210105_154337_003548_sdou0105_WHOOP_4AA000794,runningTreadmill0,sdou0105,Test,wrist
159,210105_151313_003820_thar0105_WHOOP_3A153728,runningTreadmill0,thar0105,Control,wrist
160,210105_151319_003818_thar0105_WHOOP_3A337990,runningTreadmill0,thar0105,Control,forearm
161,210105_151346_003747_thar0105_WHOOP_4AA000423,runningTreadmill0,thar0105,Test,forearm
162,210105_151321_003816_thar0105_WHOOP_4AAB00036,runningTreadmill0,thar0105,Test,wrist
163,210105_184813_003555_vram0105_WHOOP_3A184104,runningTreadmill0,vram0105,Control,forearm
164,210105_184747_003545_vram0105_WHOOP_3A184151,runningTreadmill0,vram0105,Control,wrist
165,210105_184747_003545_vram0105_WHOOP_4AA000423,runningTreadmill0,vram0105,Test,forearm
166,210105_184813_003555_vram0105_WHOOP_4AA000794,runningTreadmill0,vram0105,Test,wrist
167,210322_170739_003555_rrei03221_WHOOP_4AA000213,runningTreadmill0,rrei03221,Test,wrist
168,210322_170722_003612_rrei03221_WHOOP_4AE003402,runningTreadmill0,rrei03221,Test,forearm
169,210322_170741_003553_rrei03221_WHOOP_3A343582,runningTreadmill0,rrei03221,Control,forearm
170,210322_170735_003559_rrei03221_WHOOP_4AA000217,runningTreadmill0,rrei03221,Test,bicep
171,210322_170744_003550_rrei03221_WHOOP_3A160894,runningTreadmill0,rrei03221,Control,wrist
172,210322_170722_003612_rrei03221_WHOOP_3A385749,runningTreadmill0,rrei03221,Control,bicep
173,210322_172857_003426_jobr0322_WHOOP_4AA000436,runningTreadmill0,jobr0322,Test,forearm
174,210322_172847_003436_jobr0322_WHOOP_3A184151,runningTreadmill0,jobr0322,Control,wrist
175,210322_172858_003425_jobr0322_WHOOP_3A386390,runningTreadmill0,jobr0322,Control,bicep
176,210322_172852_003429_jobr0322_WHOOP_4AA000344,runningTreadmill0,jobr0322,Test,wrist
177,210322_172843_003438_jobr0322_WHOOP_3A691883,runningTreadmill0,jobr0322,Control,forearm
178,210322_172901_003420_jobr0322_WHOOP_4AA000208,runningTreadmill0,jobr0322,Test,bicep
179,210322_175938_003521_crod0322_WHOOP_4AA000442,runningTreadmill0,crod0322,Test,wrist
180,210322_175938_003521_crod0322_WHOOP_3A343057,runningTreadmill0,crod0322,Control,forearm
181,210322_175946_003513_crod0322_WHOOP_4AA000334,runningTreadmill0,crod0322,Test,bicep
182,210322_175937_003516_crod0322_WHOOP_3A327196,runningTreadmill0,crod0322,Control,wrist
183,210322_175946_003507_crod0322_WHOOP_4AA000338,runningTreadmill0,crod0322,Test,forearm
184,210322_175933_003520_crod0322_WHOOP_3A153728,runningTreadmill0,crod0322,Control,bicep
185,210322_182511_003434_sbha0322_WHOOP_4AE002171,runningTreadmill0,sbha0322,Test,forearm
186,210322_182533_003412_sbha0322_WHOOP_3A342982,runningTreadmill0,sbha0322,Control,
187,210322_182511_003434_sbha0322_WHOOP_3A378895,runningTreadmill0,sbha0322,Control,bicep
188,210322_182534_003413_sbha0322_WHOOP_4AA000423,runningTreadmill0,sbha0322,Test,wrist
189,210322_182545_003402_sbha0322_WHOOP_4AA000311,runningTreadmill0,sbha0322,Test,bicep
190,210322_182538_003409_sbha0322_WHOOP_3A184071,runningTreadmill0,sbha0322,Control,forearm
191,210322_185412_003457_imor0322_WHOOP_4AA000436,runningTreadmill0,imor0322,Test,forearm
192,210322_185407_003502_imor0322_WHOOP_3A184151,runningTreadmill0,imor0322,Control,wrist
193,210322_185413_003456_imor0322_WHOOP_3A386390,runningTreadmill0,imor0322,Control,bicep
194,210322_185419_003449_imor0322_WHOOP_4AA000344,runningTreadmill0,imor0322,Test,wrist
195,210322_185416_003452_imor0322_WHOOP_3A691883,runningTreadmill0,imor0322,Control,forearm
196,210322_185421_003447_imor0322_WHOOP_4AA000208,runningTreadmill0,imor0322,Test,bicep
197,210322_192823_003432_ehof0322_WHOOP_4AA000331,runningTreadmill0,ehof0322,Test,wrist
198,210322_192812_003443_ehof0322_WHOOP_3A343057,runningTreadmill0,ehof0322,Control,forearm
199,210322_192818_003437_ehof0322_WHOOP_4AA000334,runningTreadmill0,ehof0322,Test,bicep
200,210322_192809_003441_ehof0322_WHOOP_3A327196,runningTreadmill0,ehof0322,Control,bicep
201,210322_192815_003435_ehof0322_WHOOP_4AA000338,runningTreadmill0,ehof0322,Test,forearm
202,210322_192806_003444_ehof0322_WHOOP_3A153728,runningTreadmill0,ehof0322,Control,wrist
203,210322_194456_003414_smcc03221_WHOOP_4AA000217,runningTreadmill0,smcc03221,Test,
204,210322_194457_003413_smcc03221_WHOOP_3A160894,runningTreadmill0,smcc03221,Control,bicep
205,210322_194530_003340_smcc03221_WHOOP_3A385749,runningTreadmill0,smcc03221,Control,wrist
206,210322_194506_003403_smcc03221_WHOOP_4AA000213,runningTreadmill0,smcc03221,Test,bicep
207,210322_194528_003341_smcc03221_WHOOP_4AE003402,runningTreadmill0,smcc03221,Test,wrist
208,210322_194511_003358_smcc03221_WHOOP_3A343582,runningTreadmill0,smcc03221,Control,forearm
209,210322_201005_003628_bshe0322_WHOOP_4AE002171,runningTreadmill0,bshe0322,Test,forearm
210,210322_201002_003631_bshe0322_WHOOP_3A342982,runningTreadmill0,bshe0322,Control,wrist
211,210322_201008_003625_bshe0322_WHOOP_3A378895,runningTreadmill0,bshe0322,Control,bicep
212,210322_200955_003639_bshe0322_WHOOP_4AA000423,runningTreadmill0,bshe0322,Test,wrist
213,210322_201000_003634_bshe0322_WHOOP_4AA000311,runningTreadmill0,bshe0322,Test,wrist
214,210322_204627_000007_bshe0322_WHOOP_3A184071,runningTreadmill0,bshe0322,Control,forearm
215,210322_204600_003445_ksan0322_WHOOP_4AA000436,runningTreadmill0,ksan0322,Test,forearm
216,210322_204555_003450_ksan0322_WHOOP_3A184151,runningTreadmill0,ksan0322,Control,wrist
217,210322_204601_003444_ksan0322_WHOOP_3A386390,runningTreadmill0,ksan0322,Control,bicep
218,210322_204550_003454_ksan0322_WHOOP_4AA000344,runningTreadmill0,ksan0322,Test,wrist
219,210322_204550_003454_ksan0322_WHOOP_3A691883,runningTreadmill0,ksan0322,Control,forearm
220,210322_204550_003454_ksan0322_WHOOP_4AA000208,runningTreadmill0,ksan0322,Test,bicep
221,210322_212848_003655_arub0322_WHOOP_4AA000217,runningTreadmill0,arub0322,Test,forearm
222,210322_212849_003654_arub0322_WHOOP_3A160894,runningTreadmill0,arub0322,Control,bicep
223,210322_212841_003702_arub0322_WHOOP_3A385749,runningTreadmill0,arub0322,Control,wrist
224,210322_212941_003611_arub0322_WHOOP_4AA000213,runningTreadmill0,arub0322,Test,bicep
225,210322_212856_003656_arub0322_WHOOP_4AE003402,runningTreadmill0,arub0322,Test,wrist
226,210322_212900_003652_arub0322_WHOOP_3A343582,runningTreadmill0,arub0322,Control,forearm
227,210322_211901_003416_whag0322_WHOOP_4AA000331,runningTreadmill0,whag0322,Test,wrist
228,210322_211901_003416_whag0322_WHOOP_3A343057,runningTreadmill0,whag0322,Control,forearm
229,210322_211901_003416_whag0322_WHOOP_4AA000334,runningTreadmill0,whag0322,Test,bicep
230,210322_211857_003414_whag0322_WHOOP_3A327196,runningTreadmill0,whag0322,Control,bicep
231,210322_211858_003413_whag0322_WHOOP_4AA000338,runningTreadmill0,whag0322,Test,forearm
232,210322_211857_003414_whag0322_WHOOP_3A153728,runningTreadmill0,whag0322,Control,wrist
233,210322_213802_003524_jsin0322_WHOOP_4AE002171,runningTreadmill0,jsin0322,Test,forearm
234,210322_213802_003524_jsin0322_WHOOP_3A342982,runningTreadmill0,jsin0322,Control,wrist
235,210322_213805_003521_jsin0322_WHOOP_3A378895,runningTreadmill0,jsin0322,Control,bicep
236,210322_213803_003528_jsin0322_WHOOP_4AA000423,runningTreadmill0,jsin0322,Test,wrist
237,210322_213803_003528_jsin0322_WHOOP_4AA000311,runningTreadmill0,jsin0322,Test,bicep
238,210322_213803_003528_jsin0322_WHOOP_3A184071,runningTreadmill0,jsin0322,Control,forearm
239,210322_215233_003427_amol0322_WHOOP_4AA000344,runningTreadmill0,amol0322,Test,
240,210322_215234_003426_amol0322_WHOOP_3A691883,runningTreadmill0,amol0322,Control,
241,210322_215230_003430_amol0322_WHOOP_4AA000208,runningTreadmill0,amol0322,Test,
242,210322_215226_003435_amol0322_WHOOP_4AA000436,runningTreadmill0,amol0322,Test,
243,210322_215227_003434_amol0322_WHOOP_3A184151,runningTreadmill0,amol0322,Control,
244,210322_215216_003445_amol0322_WHOOP_3A386390,runningTreadmill0,amol0322,Control,
245,210323_185351_003616_malb0323_WHOOP_4AE003402,runningTreadmill0,malb0323,Test,bicep
246,210323_185355_003612_malb0323_WHOOP_3A688479,runningTreadmill0,malb0323,Control,forearm
247,210323_185400_003607_malb0323_WHOOP_4AA000423,runningTreadmill0,malb0323,Test,wrist
248,210323_185350_003601_malb0323_WHOOP_4AA000217,runningTreadmill0,malb0323,Test,forearm
249,210323_185343_003608_malb0323_WHOOP_3A184104,runningTreadmill0,malb0323,Control,bicep
250,210323_185347_003604_malb0323_WHOOP_3A342982,runningTreadmill0,malb0323,Control,wrist
251,210323_192927_003619_jbey0323_WHOOP_3A390024,runningTreadmill0,jbey0323,Control,wrist
252,210323_192924_003622_jbey0323_WHOOP_3A341339,runningTreadmill0,jbey0323,Control,bicep
253,210323_192932_003614_jbey0323_WHOOP_4AE002207,runningTreadmill0,jbey0323,Test,forearm
254,210323_192919_003631_jbey0323_WHOOP_4AE003075,runningTreadmill0,jbey0323,Test,wrist
255,210323_192922_003628_jbey0323_WHOOP_3A378895,runningTreadmill0,jbey0323,Control,forearm
256,210323_192917_003633_jbey0323_WHOOP_4AE003373,runningTreadmill0,jbey0323,Test,bicep
257,210323_171929_003911_aqui0323_WHOOP_4AA000528,runningTreadmill0,aqui0323,Test,forearm
258,210323_171937_003903_aqui0323_WHOOP_3A184071,runningTreadmill0,aqui0323,Control,bicep
259,210323_171934_003906_aqui0323_WHOOP_3A153728,runningTreadmill0,aqui0323,Control,wrist
260,210323_171927_003915_aqui0323_WHOOP_3A337990,runningTreadmill0,aqui0323,Control,forearm
261,210323_171927_003915_aqui0323_WHOOP_4AA000208,runningTreadmill0,aqui0323,Test,bicep
262,210323_171927_003915_aqui0323_WHOOP_4AA000457,runningTreadmill0,aqui0323,Test,wrist
263,210323_181018_003440_npoc0323_WHOOP_3A184033,runningTreadmill0,npoc0323,Control,wrist
264,210323_181020_003438_npoc0323_WHOOP_3A691883,runningTreadmill0,npoc0323,Control,
265,210323_181042_003416_npoc0323_WHOOP_4AE003604,runningTreadmill0,npoc0323,Test,forearm
266,210323_181025_003432_npoc0323_WHOOP_4AA000311,runningTreadmill0,npoc0323,Test,
267,210323_181031_003426_npoc0323_WHOOP_4AA000436,runningTreadmill0,npoc0323,Test,bicep
268,210323_181026_003431_npoc0323_WHOOP_3A160894,runningTreadmill0,npoc0323,Control,forearm
269,210323_202845_003412_jcoh0323_WHOOP_3A184033,runningTreadmill0,jcoh0323,Control,wrist
270,210323_202849_003408_jcoh0323_WHOOP_3A691883,runningTreadmill0,jcoh0323,Control,bicep
271,210323_202840_003417_jcoh0323_WHOOP_4AE003604,runningTreadmill0,jcoh0323,Test,forearm
272,210323_202829_003427_jcoh0323_WHOOP_4AA000311,runningTreadmill0,jcoh0323,Test,
273,210323_202834_003422_jcoh0323_WHOOP_4AA000436,runningTreadmill0,jcoh0323,Test,bicep
274,210323_202829_003427_jcoh0323_WHOOP_3A160894,runningTreadmill0,jcoh0323,Control,forearm
275,210323_204338_003435_imon0323_WHOOP_4AE003489,runningTreadmill0,imon0323,Test,bicep
276,210323_204338_003435_imon0323_WHOOP_4AE003233,runningTreadmill0,imon0323,Test,wrist
277,210323_204338_003435_imon0323_WHOOP_3A343057,runningTreadmill0,imon0323,Control,forearm
278,210323_204348_003424_imon0323_WHOOP_4AA000334,runningTreadmill0,imon0323,Test,forearm
279,210323_204341_003431_imon0323_WHOOP_3A536713,runningTreadmill0,imon0323,Control,wrist
280,210323_204344_003428_imon0323_WHOOP_3A343582,runningTreadmill0,imon0323,Control,bicep
281,210323_211345_003521_jgan0323_WHOOP_4AA000217,runningTreadmill0,jgan0323,Test,
282,210323_211345_003521_jgan0323_WHOOP_3A184104,runningTreadmill0,jgan0323,Control,
283,210323_211355_003511_jgan0323_WHOOP_3A342982,runningTreadmill0,jgan0323,Control,
284,210323_211344_003521_jgan0323_WHOOP_4AE003402,runningTreadmill0,jgan0323,Test,wrist
285,210323_211344_003521_jgan0323_WHOOP_3A688479,runningTreadmill0,jgan0323,Control,
286,210323_211344_003521_jgan0323_WHOOP_4AA000423,runningTreadmill0,jgan0323,Test,bicep
287,210323_212424_003557_afab0323_WHOOP_3A390024,runningTreadmill0,afab0323,Control,bicep
288,210323_212424_003557_afab0323_WHOOP_3A341339,runningTreadmill0,afab0323,Control,wrist
289,210323_212424_003557_afab0323_WHOOP_4AE002207,runningTreadmill0,afab0323,Test,forearm
290,210323_212427_003555_afab0323_WHOOP_4AE003075,runningTreadmill0,afab0323,Test,wrist
291,210323_212427_003555_afab0323_WHOOP_3A378895,runningTreadmill0,afab0323,Control,forearm
292,210323_212427_003555_afab0323_WHOOP_4AE003373,runningTreadmill0,afab0323,Test,bicep
293,210323_215306_003628_eott0323_WHOOP_3A337990,runningTreadmill0,eott0323,Control,
294,210323_215306_003628_eott0323_WHOOP_4AA000208,runningTreadmill0,eott0323,Test,
295,210323_215306_003628_eott0323_WHOOP_4AA000457,runningTreadmill0,eott0323,Test,
296,210323_215305_003628_eott0323_WHOOP_4AA000528,runningTreadmill0,eott0323,Test,
297,210323_215310_003623_eott0323_WHOOP_3A184071,runningTreadmill0,eott0323,Control,wrist
298,210323_215305_003628_eott0323_WHOOP_3A153728,runningTreadmill0,eott0323,Control,bicep
299,210324_170618_003414_bgal0324_WHOOP_4AA000528,runningTreadmill0,bgal0324,Test,forearm
300,210324_170614_003418_bgal0324_WHOOP_3A532993,runningTreadmill0,bgal0324,Control,wrist
301,210324_170612_003420_bgal0324_WHOOP_3A390024,runningTreadmill0,bgal0324,Control,bicep
302,210324_170626_003406_bgal0324_WHOOP_3A337990,runningTreadmill0,bgal0324,Control,forearm
303,210324_170620_003412_bgal0324_WHOOP_4AE003075,runningTreadmill0,bgal0324,Test,bicep
304,210324_170624_003408_bgal0324_WHOOP_4AE002207,runningTreadmill0,bgal0324,Test,wrist
305,210324_171022_003358_afra0324_WHOOP_4AA000338,runningTreadmill0,afra0324,Test,
306,210324_171014_003406_afra0324_WHOOP_4AE003376,runningTreadmill0,afra0324,Test,
307,210324_170943_003437_afra0324_WHOOP_3A342982,runningTreadmill0,afra0324,Control,
308,210324_170937_003445_afra0324_WHOOP_3A536713,runningTreadmill0,afra0324,Control,bicep
309,210324_170934_003448_afra0324_WHOOP_3A184071,runningTreadmill0,afra0324,Control,wrist
310,210324_170939_003443_afra0324_WHOOP_4AA000415,runningTreadmill0,afra0324,Test,
311,210324_174252_003725_pmcc0324_WHOOP_4AA000436,runningTreadmill0,pmcc0324,Test,forearm
312,210324_174249_003728_pmcc0324_WHOOP_3A386390,runningTreadmill0,pmcc0324,Control,wrist
313,210324_174254_003723_pmcc0324_WHOOP_3A380277,runningTreadmill0,pmcc0324,Control,bicep
314,210324_174301_003715_pmcc0324_WHOOP_4AA000213,runningTreadmill0,pmcc0324,Test,bicep
315,210324_174257_003719_pmcc0324_WHOOP_3A341339,runningTreadmill0,pmcc0324,Control,forearm
316,210324_174259_003717_pmcc0324_WHOOP_4AA000334,runningTreadmill0,pmcc0324,Test,wrist
317,210324_180217_003435_afes0324_WHOOP_3A184033,runningTreadmill0,afes0324,Control,wrist
318,210324_180213_003439_afes0324_WHOOP_4AA000457,runningTreadmill0,afes0324,Test,forearm
319,210324_180220_003432_afes0324_WHOOP_3A184151,runningTreadmill0,afes0324,Control,bicep
320,210324_180205_003447_afes0324_WHOOP_4AA000311,runningTreadmill0,afes0324,Test,wrist
321,210324_180200_003452_afes0324_WHOOP_4AE003402,runningTreadmill0,afes0324,Test,bicep
322,210324_180207_003445_afes0324_WHOOP_3A160894,runningTreadmill0,afes0324,Control,forearm
323,210324_174941_003548_plaf0324_WHOOP_3A378895,runningTreadmill0,plaf0324,Control,bicep
324,210324_174943_003546_plaf0324_WHOOP_3A691883,runningTreadmill0,plaf0324,Control,wrist
325,210324_174946_003543_plaf0324_WHOOP_4AA000208,runningTreadmill0,plaf0324,Test,forearm
326,210324_175017_003512_plaf0324_WHOOP_4AE003489,runningTreadmill0,plaf0324,Test,wrist
327,210324_174952_003537_plaf0324_WHOOP_3A343582,runningTreadmill0,plaf0324,Control,forearm
328,210324_174955_003534_plaf0324_WHOOP_4AA000331,runningTreadmill0,plaf0324,Test,bicep
329,210324_185042_003454_rlaf0324_WHOOP_3A337990,runningTreadmill0,rlaf0324,Control,forearm
330,210324_185036_003500_rlaf0324_WHOOP_4AE003075,runningTreadmill0,rlaf0324,Test,wrist
331,210324_185038_003458_rlaf0324_WHOOP_4AE002207,runningTreadmill0,rlaf0324,Test,bicep
332,210324_185054_003444_rlaf0324_WHOOP_4AA000528,runningTreadmill0,rlaf0324,Test,forearm
333,210324_185050_003448_rlaf0324_WHOOP_3A532993,runningTreadmill0,rlaf0324,Control,wrist
334,210324_185048_003450_rlaf0324_WHOOP_3A390024,runningTreadmill0,rlaf0324,Control,bicep
335,210324_183338_003520_kfos0324_WHOOP_4AA000338,runningTreadmill0,kfos0324,Test,wrist
336,210324_183334_003524_kfos0324_WHOOP_4AE003376,runningTreadmill0,kfos0324,Test,bicep
337,210324_183333_003525_kfos0324_WHOOP_3A342982,runningTreadmill0,kfos0324,Control,forearm
338,210324_183328_003531_kfos0324_WHOOP_3A536713,runningTreadmill0,kfos0324,Control,bicep
339,210324_183326_003533_kfos0324_WHOOP_3A184071,runningTreadmill0,kfos0324,Control,wrist
340,210324_183332_003527_kfos0324_WHOOP_4AA000415,runningTreadmill0,kfos0324,Test,forearm
341,210324_191233_003312_bpee0324_WHOOP_4AA000213,runningTreadmill0,bpee0324,Test,wrist
342,210324_191244_003301_bpee0324_WHOOP_3A341339,runningTreadmill0,bpee0324,Control,forearm
343,210324_191240_003305_bpee0324_WHOOP_4AA000334,runningTreadmill0,bpee0324,Test,bicep
344,210324_191243_003300_bpee0324_WHOOP_4AA000436,runningTreadmill0,bpee0324,Test,forearm
345,210324_191232_003311_bpee0324_WHOOP_3A386390,runningTreadmill0,bpee0324,Control,wrist
346,210324_191235_003308_bpee0324_WHOOP_3A380277,runningTreadmill0,bpee0324,Control,bicep
347,210324_193315_003617_mdu0324_WHOOP_3A378895,runningTreadmill0,mdu0324,Control,bicep
348,210324_193315_003617_mdu0324_WHOOP_3A691883,runningTreadmill0,mdu0324,Control,wrist
349,210324_193315_003617_mdu0324_WHOOP_4AA000208,runningTreadmill0,mdu0324,Test,
350,210324_193316_003618_mdu0324_WHOOP_4AE003489,runningTreadmill0,mdu0324,Test,wrist
351,210324_193316_003618_mdu0324_WHOOP_3A343582,runningTreadmill0,mdu0324,Control,
352,210324_193316_003618_mdu0324_WHOOP_4AA000331,runningTreadmill0,mdu0324,Test,bicep
353,210324_195333_003357_nrod0324_WHOOP_3A536713,runningTreadmill0,nrod0324,Control,wrist
354,210324_195330_003400_nrod0324_WHOOP_3A184071,runningTreadmill0,nrod0324,Control,bicep
355,210324_195336_003354_nrod0324_WHOOP_4AA000415,runningTreadmill0,nrod0324,Test,forearm
356,210324_195344_003347_nrod0324_WHOOP_4AA000338,runningTreadmill0,nrod0324,Test,
357,210324_195341_003350_nrod0324_WHOOP_4AE003376,runningTreadmill0,nrod0324,Test,
358,210324_195339_003352_nrod0324_WHOOP_3A342982,runningTreadmill0,nrod0324,Control,
359,210324_200830_003514_gcap03241_WHOOP_3A184033,runningTreadmill0,gcap03241,Control,bicep
360,210324_200828_003516_gcap03241_WHOOP_4AA000457,runningTreadmill0,gcap03241,Test,
361,210324_200832_003512_gcap03241_WHOOP_3A184151,runningTreadmill0,gcap03241,Control,wrist
362,210324_200821_003243_gcap03241_WHOOP_4AA000311,runningTreadmill0,gcap03241,Test,bicep
363,210324_200835_003507_gcap03241_WHOOP_4AE003402,runningTreadmill0,gcap03241,Test,wrist
364,210324_200838_001452_gcap03241_WHOOP_3A160894,runningTreadmill0,gcap03241,Control,forearm
365,210324_205849_003441_bdon0324_WHOOP_4AA000528,runningTreadmill0,bdon0324,Test,forearm
366,210324_205834_003456_bdon0324_WHOOP_3A532993,runningTreadmill0,bdon0324,Control,wrist
367,210324_205845_003445_bdon0324_WHOOP_3A390024,runningTreadmill0,bdon0324,Control,bicep
368,210324_205852_003439_bdon0324_WHOOP_3A337990,runningTreadmill0,bdon0324,Control,forearm
369,210324_205837_003454_bdon0324_WHOOP_4AE003075,runningTreadmill0,bdon0324,Test,wrist
370,210324_205851_003440_bdon0324_WHOOP_4AE002207,runningTreadmill0,bdon0324,Test,wrist
371,210324_213026_003412_btom0324_WHOOP_3A378895,runningTreadmill0,btom0324,Control,wrist
372,210324_213029_003409_btom0324_WHOOP_3A691883,runningTreadmill0,btom0324,Control,bicep
373,210324_213022_003416_btom0324_WHOOP_4AA000208,runningTreadmill0,btom0324,Test,forearm
374,210324_213034_003403_btom0324_WHOOP_4AE003489,runningTreadmill0,btom0324,Test,wrist
375,210324_213036_003401_btom0324_WHOOP_3A343582,runningTreadmill0,btom0324,Control,forearm
376,210324_213040_003357_btom0324_WHOOP_4AA000331,runningTreadmill0,btom0324,Test,bicep
377,210324_215222_003451_bale0324_WHOOP_3A536713,runningTreadmill0,bale0324,Control,bicep
378,210324_215219_003454_bale0324_WHOOP_3A184071,runningTreadmill0,bale0324,Control,wrist
379,210324_215226_003447_bale0324_WHOOP_4AA000415,runningTreadmill0,bale0324,Test,forearm
380,210324_215215_003454_bale0324_WHOOP_4AA000338,runningTreadmill0,bale0324,Test,wrist
381,210324_215211_003458_bale0324_WHOOP_4AE003376,runningTreadmill0,bale0324,Test,bicep
382,210324_215207_003502_bale0324_WHOOP_3A342982,runningTreadmill0,bale0324,Control,forearm
383,210324_214159_003406_dsmi0324_WHOOP_4AA000216,runningTreadmill0,dsmi0324,Test,wrist
384,210324_214157_003408_dsmi0324_WHOOP_3A341339,runningTreadmill0,dsmi0324,Control,wrist
385,210324_214201_003404_dsmi0324_WHOOP_4AA000217,runningTreadmill0,dsmi0324,Test,wrist
386,210324_214153_003411_dsmi0324_WHOOP_4AA000436,runningTreadmill0,dsmi0324,Test,forearm
387,210324_214138_003426_dsmi0324_WHOOP_3A386390,runningTreadmill0,dsmi0324,Control,wrist
388,210324_214143_003421_dsmi0324_WHOOP_3A380277,runningTreadmill0,dsmi0324,Control,bicep
389,210325_172950_003438_fper0325_WHOOP_4AE003402,runningTreadmill0,fper0325,Test,wrist
390,210325_172953_003435_fper0325_WHOOP_3A343057,runningTreadmill0,fper0325,Control,forearm
391,210325_172949_003439_fper0325_WHOOP_4AA000334,runningTreadmill0,fper0325,Test,bicep
392,210325_172954_003431_fper0325_WHOOP_3A184151,runningTreadmill0,fper0325,Control,wrist
393,210325_172953_003432_fper0325_WHOOP_3A380277,runningTreadmill0,fper0325,Control,bicep
394,210325_181603_003426_wesp0325_WHOOP_3A536713,runningTreadmill0,wesp0325,Control,forearm
395,210325_181605_003424_wesp0325_WHOOP_4AA000344,runningTreadmill0,wesp0325,Test,bicep
396,210325_181559_003430_wesp0325_WHOOP_4AA000208,runningTreadmill0,wesp0325,Test,wrist
397,210325_181613_003415_wesp0325_WHOOP_3A184071,runningTreadmill0,wesp0325,Control,wrist
398,210325_181607_003421_wesp0325_WHOOP_3A688479,runningTreadmill0,wesp0325,Control,bicep
399,210325_181611_003417_wesp0325_WHOOP_4AE002207,runningTreadmill0,wesp0325,Test,forearm
400,210325_190000_003550_ljol0325_WHOOP_4AE001916,runningTreadmill0,ljol0325,Test,
401,210325_190000_003550_ljol0325_WHOOP_3A341339,runningTreadmill0,ljol0325,Control,wrist
402,210325_190000_003550_ljol0325_WHOOP_3A691883,runningTreadmill0,ljol0325,Control,bicep
403,210325_190002_003550_ljol0325_WHOOP_4AA000331,runningTreadmill0,ljol0325,Test,bicep
404,210325_190002_003550_ljol0325_WHOOP_3A327196,runningTreadmill0,ljol0325,Control,forearm
405,210325_190002_003550_ljol0325_WHOOP_4AE003489,runningTreadmill0,ljol0325,Test,wrist
406,210325_192638_003445_bsmi0325_WHOOP_3A184151,runningTreadmill0,bsmi0325,Control,wrist
407,210325_192639_003444_bsmi0325_WHOOP_4AE003376,runningTreadmill0,bsmi0325,Test,forearm
408,210325_192638_003445_bsmi0325_WHOOP_3A380277,runningTreadmill0,bsmi0325,Control,bicep
409,210325_192642_003444_bsmi0325_WHOOP_4AE003402,runningTreadmill0,bsmi0325,Test,wrist
410,210325_192645_003441_bsmi0325_WHOOP_3A343057,runningTreadmill0,bsmi0325,Control,forearm
411,210325_192642_003444_bsmi0325_WHOOP_4AA000334,runningTreadmill0,bsmi0325,Test,bicep
412,210325_194453_003428_rsor0325_WHOOP_4AA000217,runningTreadmill0,rsor0325,Test,bicep
413,210325_194451_003430_rsor0325_WHOOP_4AA000436,runningTreadmill0,rsor0325,Test,wrist
414,210325_194456_003425_rsor0325_WHOOP_3A329790,runningTreadmill0,rsor0325,Control,forearm
415,210325_194505_003417_rsor0325_WHOOP_3A337990,runningTreadmill0,rsor0325,Control,wrist
416,210325_194500_003422_rsor0325_WHOOP_4AA000338,runningTreadmill0,rsor0325,Test,forearm
417,210325_194502_003420_rsor0325_WHOOP_3A386390,runningTreadmill0,rsor0325,Control,bicep
418,210325_203351_003424_aoco0325_WHOOP_3A536713,runningTreadmill0,aoco0325,Control,forearm
419,210325_203354_003421_aoco0325_WHOOP_4AA000344,runningTreadmill0,aoco0325,Test,wrist
420,210325_203349_003426_aoco0325_WHOOP_4AA000208,runningTreadmill0,aoco0325,Test,bicep
421,210325_203402_003412_aoco0325_WHOOP_3A184071,runningTreadmill0,aoco0325,Control,bicep
422,210325_203400_003414_aoco0325_WHOOP_3A688479,runningTreadmill0,aoco0325,Control,wrist
423,210325_203358_003416_aoco0325_WHOOP_4AE002207,runningTreadmill0,aoco0325,Test,forearm
424,210325_203703_003501_mlam0325_WHOOP_3A390024,runningTreadmill0,mlam0325,Control,bicep
425,210325_203740_003424_mlam0325_WHOOP_4AE003233,runningTreadmill0,mlam0325,Test,forearm
426,210325_203701_003503_mlam0325_WHOOP_3A549140,runningTreadmill0,mlam0325,Control,wrist
427,210325_203734_003429_mlam0325_WHOOP_4AA000311,runningTreadmill0,mlam0325,Test,bicep
428,210325_203657_003506_mlam0325_WHOOP_4AA000528,runningTreadmill0,mlam0325,Test,wrist
429,210325_203655_003508_mlam0325_WHOOP_3A342982,runningTreadmill0,mlam0325,Control,forearm
430,210325_211426_003533_akec0325_WHOOP_4AE003402,runningTreadmill0,akec0325,Test,bicep
431,210325_211426_003533_akec0325_WHOOP_3A343057,runningTreadmill0,akec0325,Control,forearm
432,210325_211426_003533_akec0325_WHOOP_4AA000334,runningTreadmill0,akec0325,Test,wrist
433,210325_211423_003535_akec0325_WHOOP_3A184151,runningTreadmill0,akec0325,Control,bicep
434,210325_211423_003535_akec0325_WHOOP_4AE003376,runningTreadmill0,akec0325,Test,forearm
435,210325_211423_003535_akec0325_WHOOP_3A380277,runningTreadmill0,akec0325,Control,wrist
436,210325_212848_003418_gbas0325_WHOOP_4AA000331,runningTreadmill0,gbas0325,Test,bicep
437,210325_212848_003418_gbas0325_WHOOP_3A327196,runningTreadmill0,gbas0325,Control,forearm
438,210325_212852_003414_gbas0325_WHOOP_4AE003489,runningTreadmill0,gbas0325,Test,wrist
439,210325_212847_003415_gbas0325_WHOOP_4AE001916,runningTreadmill0,gbas0325,Test,forearm
440,210325_212847_003415_gbas0325_WHOOP_3A341339,runningTreadmill0,gbas0325,Control,wrist
441,210325_212847_003415_gbas0325_WHOOP_3A691883,runningTreadmill0,gbas0325,Control,bicep
442,210330_194913_003354_imon0330_WHOOP_4AE003668,,imon0330,Test,forearm
